entry_id,volunteer_id,volunteer_name,date,start_time,end_time
H-101,V-101,Ana Reyes,2026-06-02,09:00,12:00
H-102,V-101,Ana Reyes,2026-06-05,13:00,17:00
H-103,V-101,Ana Reyes,2026-06-09,09:00,12:00
H-104,V-102,Ben Cho,2026-06-01,08:00,16:00
H-105,V-102,Ben Cho,2026-06-03,08:00,16:00
H-106,V-102,Ben Cho,2026-06-06,09:00,14:00
H-107,V-102,Ben Cho,2026-06-10,09:00,15:00
H-108,V-103,Carmen Diaz,2026-06-04,10:00,12:30
H-109,V-103,Carmen Diaz,2026-06-07,10:00,13:00
H-110,V-104,Dev Patel,2026-06-08,09:00,12:00
H-111,V-106,Priya Nair,2026-06-02,09:00,12:00
H-112,V-106,Priya Nair,2026-06-02,13:00,15:00
H-113,V-106,Priya Nair,2026-06-11,09:00,17:00
